{"cameraMode":{"drawMode":0,"name":"Shaded","section":"Shading Mode"},"sceneLighting":true,"audioPlay":false,"sceneViewState":{"showFog":true,"showMaterialUpdate":false,"showSkybox":true,"showFlares":true,"showImageEffects":true,"showParticleSystems":true,"showVisualEffectGraphs":true,"m_FxEnabled":true},"in2DMode":false,"pivot":{"x":1.5079612731933594,"y":-0.7699999809265137,"z":3.1373543739318849},"rotation":{"x":-0.055139556527137759,"y":0.9227067828178406,"z":-0.143996000289917,"w":-0.35332581400871279},"size":5.4908294677734379,"orthographic":false}